fold,anos_treino,ano_teste,auroc_wf,n_train,n_test
1,2015-2019,2020,0.9845437514294133,730085,146017
2,2015-2020,2021,0.9291284211571633,876102,146017
3,2015-2021,2022,0.9996260891743273,1022119,146017
4,2015-2022,2023,0.999484477180607,1168136,146017
5,2015-2023,2024,0.9271151774100616,1314153,146017
OOD_SL,2015-2024,SL_all,0.6795833590368489,1460170,609330
